{
  "total_return": 0.0,
  "annualized_return": 0.0,
  "volatility": 0.0,
  "sharpe_ratio": 0.0,
  "max_drawdown": 0.0,
  "max_drawdown_duration": 0,
  "total_trades": 0,
  "winning_trades": 0,
  "losing_trades": 0,
  "hit_rate": 0.0,
  "avg_win": 0.0,
  "avg_loss": 0.0,
  "win_loss_ratio": 0.0,
  "profit_factor": 0.0,
  "turnover": 0.0,
  "avg_position_size": 0.0,
  "max_position_size": 0.0,
  "mean_latency_ns": 0.0,
  "p95_latency_ns": 0.0,
  "p99_latency_ns": 0.0,
  "var_95": 0.0,
  "cvar_95": 0.0,
  "calmar_ratio": 0,
  "start_time": 1000000000000000000,
  "end_time": 1000000004992000000,
  "duration_days": 5.7777777777777776e-05,
  "initial_capital": 1000000.0,
  "final_capital": 1000000.0,
  "total_fees": 0,
  "total_slippage": 0.0
}